id,protocol,topic,angle,format,hook,script,onscreen,caption,hashtags,cta,url
"1","Gut Health & Anti-Inflammation Protocol","BPC-157","What is it","AI voiceover short","What actually is BPC-157?","BPC-157 is one of the compounds people research in the context of gut health and inflammation. It comes up a lot online, but most explanations skip the basics. Here's the short, factual version: what it is, what category it falls into, and why researchers find it interesting — without the hype. The full breakdown, including the cautions, is on the site.","BPC-157, explained | No hype. Just the basics. | What it is + why it's studied | Full breakdown → link in bio","A plain-English look at BPC-157 — what it is and why it shows up in gut health and inflammation research. Full protocol — free at the link in bio.","#peptides #biohacking #longevity #bpc157 #gut","Full protocol — free at the link in bio","https://peptideprotocols.us/protocols/gut-health-anti-inflammation"
"2","Gut Health & Anti-Inflammation Protocol","KPV","Myth vs research","AI voiceover short","The biggest myth about KPV","There's a popular claim about KPV floating around, and it's mostly overstated. Here's what early research actually suggests versus what the internet promises. The honest answer is more nuanced than a 10-second clip — which is exactly why we wrote up the full picture, sources and caveats included.","Myth: KPV is a magic bullet | Research: it's more nuanced | Here's the honest version | Full picture → link in bio","Separating hype from what research actually says about KPV. Full protocol — free at the link in bio.","#peptides #biohacking #longevity #kpv #gut","Full protocol — free at the link in bio","https://peptideprotocols.us/protocols/gut-health-anti-inflammation"
"3","Gut Health & Anti-Inflammation Protocol","TB-500","How it works","AI voiceover short","How TB-500 is thought to work","Ever wonder how TB-500 is believed to act in the body? In simple terms, researchers are exploring its role in pathways tied to gut health and inflammation. We kept this high-level on purpose — the mechanism, the open questions, and what's still unknown are all laid out in the full protocol.","How TB-500 is thought to work | Simplified mechanism | What's known + what isn't | Details → link in bio","A simplified look at the mechanism researchers are investigating for TB-500. Full protocol — free at the link in bio.","#peptides #biohacking #longevity #tb500 #gut","Full protocol — free at the link in bio","https://peptideprotocols.us/protocols/gut-health-anti-inflammation"
"4","Gut Health & Anti-Inflammation Protocol","GHK-Cu","Things to understand","AI voiceover short","3 things to understand before you research GHK-Cu","Before you go down the GHK-Cu rabbit hole, three things worth knowing. One: what research stage it's actually at. Two: why context and the rest of a protocol matter. Three: the cautions people skip. This is educational only — not medical advice — and the full safety-forward writeup is on the site.","Before researching GHK-Cu | 1. The research stage | 2. Context matters | 3. The cautions people skip | Read first → link in bio","Three things to understand before researching GHK-Cu. Educational only — not medical advice. Full protocol — free at the link in bio.","#peptides #biohacking #longevity #ghkcu #gut","Full protocol — free at the link in bio","https://peptideprotocols.us/protocols/gut-health-anti-inflammation"
"5","Gut Health & Anti-Inflammation Protocol","Larazotide","Why in protocol","AI voiceover short","Why Larazotide shows up in gut health and inflammation protocols","Larazotide keeps appearing in conversations about gut health and inflammation. Why? It's usually about how compounds are thought to complement each other, not any single one doing the work. We mapped out how the full protocol fits together — and where the evidence is strong versus still emerging.","Why Larazotide is in the protocol | It's about the combination | Not one magic compound | See the full stack → link in bio","Why Larazotide appears in gut health and inflammation research — and how the pieces fit together. Full protocol — free at the link in bio.","#peptides #biohacking #longevity #larazotide #gut","Full protocol — free at the link in bio","https://peptideprotocols.us/protocols/gut-health-anti-inflammation"
"6","Optimal Fat-Burning, Lean Muscle & Mitochondrial Health Protocol","Retatrutide","What is it","AI voiceover short","What actually is Retatrutide?","Retatrutide is one of the compounds people research in the context of body composition and mitochondrial health. It comes up a lot online, but most explanations skip the basics. Here's the short, factual version: what it is, what category it falls into, and why researchers find it interesting — without the hype. The full breakdown, including the cautions, is on the site.","Retatrutide, explained | No hype. Just the basics. | What it is + why it's studied | Full breakdown → link in bio","A plain-English look at Retatrutide — what it is and why it shows up in body composition and mitochondrial health research. Full protocol — free at the link in bio.","#peptides #biohacking #longevity #retatrutide #body","Full protocol — free at the link in bio","https://peptideprotocols.us/protocols/optimal-fat-muscle-mito"
"7","Optimal Fat-Burning, Lean Muscle & Mitochondrial Health Protocol","CJC-1295/Ipamorelin","Myth vs research","AI voiceover short","The biggest myth about CJC-1295/Ipamorelin","There's a popular claim about CJC-1295/Ipamorelin floating around, and it's mostly overstated. Here's what early research actually suggests versus what the internet promises. The honest answer is more nuanced than a 10-second clip — which is exactly why we wrote up the full picture, sources and caveats included.","Myth: CJC-1295/Ipamorelin is a magic bullet | Research: it's more nuanced | Here's the honest version | Full picture → link in bio","Separating hype from what research actually says about CJC-1295/Ipamorelin. Full protocol — free at the link in bio.","#peptides #biohacking #longevity #cjc1295ipamorelin #body","Full protocol — free at the link in bio","https://peptideprotocols.us/protocols/optimal-fat-muscle-mito"
"8","Optimal Fat-Burning, Lean Muscle & Mitochondrial Health Protocol","SS-31","How it works","AI voiceover short","How SS-31 is thought to work","Ever wonder how SS-31 is believed to act in the body? In simple terms, researchers are exploring its role in pathways tied to body composition and mitochondrial health. We kept this high-level on purpose — the mechanism, the open questions, and what's still unknown are all laid out in the full protocol.","How SS-31 is thought to work | Simplified mechanism | What's known + what isn't | Details → link in bio","A simplified look at the mechanism researchers are investigating for SS-31. Full protocol — free at the link in bio.","#peptides #biohacking #longevity #ss31 #body","Full protocol — free at the link in bio","https://peptideprotocols.us/protocols/optimal-fat-muscle-mito"
"9","Optimal Fat-Burning, Lean Muscle & Mitochondrial Health Protocol","MOTS-C","Things to understand","AI voiceover short","3 things to understand before you research MOTS-C","Before you go down the MOTS-C rabbit hole, three things worth knowing. One: what research stage it's actually at. Two: why context and the rest of a protocol matter. Three: the cautions people skip. This is educational only — not medical advice — and the full safety-forward writeup is on the site.","Before researching MOTS-C | 1. The research stage | 2. Context matters | 3. The cautions people skip | Read first → link in bio","Three things to understand before researching MOTS-C. Educational only — not medical advice. Full protocol — free at the link in bio.","#peptides #biohacking #longevity #motsc #body","Full protocol — free at the link in bio","https://peptideprotocols.us/protocols/optimal-fat-muscle-mito"
"10","Optimal Fat-Burning, Lean Muscle & Mitochondrial Health Protocol","5-Amino-1MQ","Why in protocol","AI voiceover short","Why 5-Amino-1MQ shows up in body composition and mitochondrial health protocols","5-Amino-1MQ keeps appearing in conversations about body composition and mitochondrial health. Why? It's usually about how compounds are thought to complement each other, not any single one doing the work. We mapped out how the full protocol fits together — and where the evidence is strong versus still emerging.","Why 5-Amino-1MQ is in the protocol | It's about the combination | Not one magic compound | See the full stack → link in bio","Why 5-Amino-1MQ appears in body composition and mitochondrial health research — and how the pieces fit together. Full protocol — free at the link in bio.","#peptides #biohacking #longevity #5amino1mq #body","Full protocol — free at the link in bio","https://peptideprotocols.us/protocols/optimal-fat-muscle-mito"
"11","Optimal Fat-Burning, Lean Muscle & Mitochondrial Health Protocol","SLU-PP-332","What is it","AI voiceover short","What actually is SLU-PP-332?","SLU-PP-332 is one of the compounds people research in the context of body composition and mitochondrial health. It comes up a lot online, but most explanations skip the basics. Here's the short, factual version: what it is, what category it falls into, and why researchers find it interesting — without the hype. The full breakdown, including the cautions, is on the site.","SLU-PP-332, explained | No hype. Just the basics. | What it is + why it's studied | Full breakdown → link in bio","A plain-English look at SLU-PP-332 — what it is and why it shows up in body composition and mitochondrial health research. Full protocol — free at the link in bio.","#peptides #biohacking #longevity #slupp332 #body","Full protocol — free at the link in bio","https://peptideprotocols.us/protocols/optimal-fat-muscle-mito"
"12","Optimal Fat-Burning, Lean Muscle & Mitochondrial Health Protocol","NAD+","Myth vs research","AI voiceover short","The biggest myth about NAD+","There's a popular claim about NAD+ floating around, and it's mostly overstated. Here's what early research actually suggests versus what the internet promises. The honest answer is more nuanced than a 10-second clip — which is exactly why we wrote up the full picture, sources and caveats included.","Myth: NAD+ is a magic bullet | Research: it's more nuanced | Here's the honest version | Full picture → link in bio","Separating hype from what research actually says about NAD+. Full protocol — free at the link in bio.","#peptides #biohacking #longevity #nad #body","Full protocol — free at the link in bio","https://peptideprotocols.us/protocols/optimal-fat-muscle-mito"
"13","Optimal Fat-Burning, Lean Muscle & Mitochondrial Health Protocol","L-Carnitine","How it works","AI voiceover short","How L-Carnitine is thought to work","Ever wonder how L-Carnitine is believed to act in the body? In simple terms, researchers are exploring its role in pathways tied to body composition and mitochondrial health. We kept this high-level on purpose — the mechanism, the open questions, and what's still unknown are all laid out in the full protocol.","How L-Carnitine is thought to work | Simplified mechanism | What's known + what isn't | Details → link in bio","A simplified look at the mechanism researchers are investigating for L-Carnitine. Full protocol — free at the link in bio.","#peptides #biohacking #longevity #lcarnitine #body","Full protocol — free at the link in bio","https://peptideprotocols.us/protocols/optimal-fat-muscle-mito"
"14","Optimal Fat-Burning, Lean Muscle & Mitochondrial Health Protocol","Creatine","Things to understand","AI voiceover short","3 things to understand before you research Creatine","Before you go down the Creatine rabbit hole, three things worth knowing. One: what research stage it's actually at. Two: why context and the rest of a protocol matter. Three: the cautions people skip. This is educational only — not medical advice — and the full safety-forward writeup is on the site.","Before researching Creatine | 1. The research stage | 2. Context matters | 3. The cautions people skip | Read first → link in bio","Three things to understand before researching Creatine. Educational only — not medical advice. Full protocol — free at the link in bio.","#peptides #biohacking #longevity #creatine #body","Full protocol — free at the link in bio","https://peptideprotocols.us/protocols/optimal-fat-muscle-mito"
"15","Maximizing Growth Hormone Release Protocol","CJC-1295 no DAC","Why in protocol","AI voiceover short","Why CJC-1295 no DAC shows up in natural growth hormone release protocols","CJC-1295 no DAC keeps appearing in conversations about natural growth hormone release. Why? It's usually about how compounds are thought to complement each other, not any single one doing the work. We mapped out how the full protocol fits together — and where the evidence is strong versus still emerging.","Why CJC-1295 no DAC is in the protocol | It's about the combination | Not one magic compound | See the full stack → link in bio","Why CJC-1295 no DAC appears in natural growth hormone release research — and how the pieces fit together. Full protocol — free at the link in bio.","#peptides #biohacking #longevity #cjc1295nodac #natural","Full protocol — free at the link in bio","https://peptideprotocols.us/protocols/growth-hormone-release"
"16","Maximizing Growth Hormone Release Protocol","Ipamorelin","What is it","AI voiceover short","What actually is Ipamorelin?","Ipamorelin is one of the compounds people research in the context of natural growth hormone release. It comes up a lot online, but most explanations skip the basics. Here's the short, factual version: what it is, what category it falls into, and why researchers find it interesting — without the hype. The full breakdown, including the cautions, is on the site.","Ipamorelin, explained | No hype. Just the basics. | What it is + why it's studied | Full breakdown → link in bio","A plain-English look at Ipamorelin — what it is and why it shows up in natural growth hormone release research. Full protocol — free at the link in bio.","#peptides #biohacking #longevity #ipamorelin #natural","Full protocol — free at the link in bio","https://peptideprotocols.us/protocols/growth-hormone-release"
"17","Maximizing Growth Hormone Release Protocol","Tesamorelin","Myth vs research","AI voiceover short","The biggest myth about Tesamorelin","There's a popular claim about Tesamorelin floating around, and it's mostly overstated. Here's what early research actually suggests versus what the internet promises. The honest answer is more nuanced than a 10-second clip — which is exactly why we wrote up the full picture, sources and caveats included.","Myth: Tesamorelin is a magic bullet | Research: it's more nuanced | Here's the honest version | Full picture → link in bio","Separating hype from what research actually says about Tesamorelin. Full protocol — free at the link in bio.","#peptides #biohacking #longevity #tesamorelin #natural","Full protocol — free at the link in bio","https://peptideprotocols.us/protocols/growth-hormone-release"
"18","Maximizing Growth Hormone Release Protocol","Glutamine","How it works","AI voiceover short","How Glutamine is thought to work","Ever wonder how Glutamine is believed to act in the body? In simple terms, researchers are exploring its role in pathways tied to natural growth hormone release. We kept this high-level on purpose — the mechanism, the open questions, and what's still unknown are all laid out in the full protocol.","How Glutamine is thought to work | Simplified mechanism | What's known + what isn't | Details → link in bio","A simplified look at the mechanism researchers are investigating for Glutamine. Full protocol — free at the link in bio.","#peptides #biohacking #longevity #glutamine #natural","Full protocol — free at the link in bio","https://peptideprotocols.us/protocols/growth-hormone-release"
"19","Maximizing Growth Hormone Release Protocol","Zinc","Things to understand","AI voiceover short","3 things to understand before you research Zinc","Before you go down the Zinc rabbit hole, three things worth knowing. One: what research stage it's actually at. Two: why context and the rest of a protocol matter. Three: the cautions people skip. This is educational only — not medical advice — and the full safety-forward writeup is on the site.","Before researching Zinc | 1. The research stage | 2. Context matters | 3. The cautions people skip | Read first → link in bio","Three things to understand before researching Zinc. Educational only — not medical advice. Full protocol — free at the link in bio.","#peptides #biohacking #longevity #zinc #natural","Full protocol — free at the link in bio","https://peptideprotocols.us/protocols/growth-hormone-release"
"20","Maximizing Growth Hormone Release Protocol","Arginine","Why in protocol","AI voiceover short","Why Arginine shows up in natural growth hormone release protocols","Arginine keeps appearing in conversations about natural growth hormone release. Why? It's usually about how compounds are thought to complement each other, not any single one doing the work. We mapped out how the full protocol fits together — and where the evidence is strong versus still emerging.","Why Arginine is in the protocol | It's about the combination | Not one magic compound | See the full stack → link in bio","Why Arginine appears in natural growth hormone release research — and how the pieces fit together. Full protocol — free at the link in bio.","#peptides #biohacking #longevity #arginine #natural","Full protocol — free at the link in bio","https://peptideprotocols.us/protocols/growth-hormone-release"
"21","Cellular Repair Protocol","SS-31","What is it","AI voiceover short","What actually is SS-31?","SS-31 is one of the compounds people research in the context of cellular repair and longevity. It comes up a lot online, but most explanations skip the basics. Here's the short, factual version: what it is, what category it falls into, and why researchers find it interesting — without the hype. The full breakdown, including the cautions, is on the site.","SS-31, explained | No hype. Just the basics. | What it is + why it's studied | Full breakdown → link in bio","A plain-English look at SS-31 — what it is and why it shows up in cellular repair and longevity research. Full protocol — free at the link in bio.","#peptides #biohacking #longevity #ss31 #cellular","Full protocol — free at the link in bio","https://peptideprotocols.us/protocols/cellular-repair"
"22","Cellular Repair Protocol","Pinealon","Myth vs research","AI voiceover short","The biggest myth about Pinealon","There's a popular claim about Pinealon floating around, and it's mostly overstated. Here's what early research actually suggests versus what the internet promises. The honest answer is more nuanced than a 10-second clip — which is exactly why we wrote up the full picture, sources and caveats included.","Myth: Pinealon is a magic bullet | Research: it's more nuanced | Here's the honest version | Full picture → link in bio","Separating hype from what research actually says about Pinealon. Full protocol — free at the link in bio.","#peptides #biohacking #longevity #pinealon #cellular","Full protocol — free at the link in bio","https://peptideprotocols.us/protocols/cellular-repair"
"23","Cellular Repair Protocol","Epithalon","How it works","AI voiceover short","How Epithalon is thought to work","Ever wonder how Epithalon is believed to act in the body? In simple terms, researchers are exploring its role in pathways tied to cellular repair and longevity. We kept this high-level on purpose — the mechanism, the open questions, and what's still unknown are all laid out in the full protocol.","How Epithalon is thought to work | Simplified mechanism | What's known + what isn't | Details → link in bio","A simplified look at the mechanism researchers are investigating for Epithalon. Full protocol — free at the link in bio.","#peptides #biohacking #longevity #epithalon #cellular","Full protocol — free at the link in bio","https://peptideprotocols.us/protocols/cellular-repair"
"24","Cellular Repair Protocol","NAD+","Things to understand","AI voiceover short","3 things to understand before you research NAD+","Before you go down the NAD+ rabbit hole, three things worth knowing. One: what research stage it's actually at. Two: why context and the rest of a protocol matter. Three: the cautions people skip. This is educational only — not medical advice — and the full safety-forward writeup is on the site.","Before researching NAD+ | 1. The research stage | 2. Context matters | 3. The cautions people skip | Read first → link in bio","Three things to understand before researching NAD+. Educational only — not medical advice. Full protocol — free at the link in bio.","#peptides #biohacking #longevity #nad #cellular","Full protocol — free at the link in bio","https://peptideprotocols.us/protocols/cellular-repair"
"25","Cellular Repair Protocol","FOXO4-DRI","Why in protocol","AI voiceover short","Why FOXO4-DRI shows up in cellular repair and longevity protocols","FOXO4-DRI keeps appearing in conversations about cellular repair and longevity. Why? It's usually about how compounds are thought to complement each other, not any single one doing the work. We mapped out how the full protocol fits together — and where the evidence is strong versus still emerging.","Why FOXO4-DRI is in the protocol | It's about the combination | Not one magic compound | See the full stack → link in bio","Why FOXO4-DRI appears in cellular repair and longevity research — and how the pieces fit together. Full protocol — free at the link in bio.","#peptides #biohacking #longevity #foxo4dri #cellular","Full protocol — free at the link in bio","https://peptideprotocols.us/protocols/cellular-repair"
"26","Gut Health & Anti-Inflammation Protocol","BPC-157","How it works","AI voiceover short","How BPC-157 is thought to work","Ever wonder how BPC-157 is believed to act in the body? In simple terms, researchers are exploring its role in pathways tied to gut health and inflammation. We kept this high-level on purpose — the mechanism, the open questions, and what's still unknown are all laid out in the full protocol.","How BPC-157 is thought to work | Simplified mechanism | What's known + what isn't | Details → link in bio","A simplified look at the mechanism researchers are investigating for BPC-157. Full protocol — free at the link in bio.","#peptides #biohacking #longevity #bpc157 #gut","Full protocol — free at the link in bio","https://peptideprotocols.us/protocols/gut-health-anti-inflammation"
"27","Gut Health & Anti-Inflammation Protocol","KPV","Things to understand","AI voiceover short","3 things to understand before you research KPV","Before you go down the KPV rabbit hole, three things worth knowing. One: what research stage it's actually at. Two: why context and the rest of a protocol matter. Three: the cautions people skip. This is educational only — not medical advice — and the full safety-forward writeup is on the site.","Before researching KPV | 1. The research stage | 2. Context matters | 3. The cautions people skip | Read first → link in bio","Three things to understand before researching KPV. Educational only — not medical advice. Full protocol — free at the link in bio.","#peptides #biohacking #longevity #kpv #gut","Full protocol — free at the link in bio","https://peptideprotocols.us/protocols/gut-health-anti-inflammation"
"28","Gut Health & Anti-Inflammation Protocol","TB-500","Why in protocol","AI voiceover short","Why TB-500 shows up in gut health and inflammation protocols","TB-500 keeps appearing in conversations about gut health and inflammation. Why? It's usually about how compounds are thought to complement each other, not any single one doing the work. We mapped out how the full protocol fits together — and where the evidence is strong versus still emerging.","Why TB-500 is in the protocol | It's about the combination | Not one magic compound | See the full stack → link in bio","Why TB-500 appears in gut health and inflammation research — and how the pieces fit together. Full protocol — free at the link in bio.","#peptides #biohacking #longevity #tb500 #gut","Full protocol — free at the link in bio","https://peptideprotocols.us/protocols/gut-health-anti-inflammation"
"29","Gut Health & Anti-Inflammation Protocol","GHK-Cu","What is it","AI voiceover short","What actually is GHK-Cu?","GHK-Cu is one of the compounds people research in the context of gut health and inflammation. It comes up a lot online, but most explanations skip the basics. Here's the short, factual version: what it is, what category it falls into, and why researchers find it interesting — without the hype. The full breakdown, including the cautions, is on the site.","GHK-Cu, explained | No hype. Just the basics. | What it is + why it's studied | Full breakdown → link in bio","A plain-English look at GHK-Cu — what it is and why it shows up in gut health and inflammation research. Full protocol — free at the link in bio.","#peptides #biohacking #longevity #ghkcu #gut","Full protocol — free at the link in bio","https://peptideprotocols.us/protocols/gut-health-anti-inflammation"
"30","Gut Health & Anti-Inflammation Protocol","Larazotide","Myth vs research","AI voiceover short","The biggest myth about Larazotide","There's a popular claim about Larazotide floating around, and it's mostly overstated. Here's what early research actually suggests versus what the internet promises. The honest answer is more nuanced than a 10-second clip — which is exactly why we wrote up the full picture, sources and caveats included.","Myth: Larazotide is a magic bullet | Research: it's more nuanced | Here's the honest version | Full picture → link in bio","Separating hype from what research actually says about Larazotide. Full protocol — free at the link in bio.","#peptides #biohacking #longevity #larazotide #gut","Full protocol — free at the link in bio","https://peptideprotocols.us/protocols/gut-health-anti-inflammation"
"31","Optimal Fat-Burning, Lean Muscle & Mitochondrial Health Protocol","Retatrutide","How it works","AI voiceover short","How Retatrutide is thought to work","Ever wonder how Retatrutide is believed to act in the body? In simple terms, researchers are exploring its role in pathways tied to body composition and mitochondrial health. We kept this high-level on purpose — the mechanism, the open questions, and what's still unknown are all laid out in the full protocol.","How Retatrutide is thought to work | Simplified mechanism | What's known + what isn't | Details → link in bio","A simplified look at the mechanism researchers are investigating for Retatrutide. Full protocol — free at the link in bio.","#peptides #biohacking #longevity #retatrutide #body","Full protocol — free at the link in bio","https://peptideprotocols.us/protocols/optimal-fat-muscle-mito"
"32","Optimal Fat-Burning, Lean Muscle & Mitochondrial Health Protocol","CJC-1295/Ipamorelin","Things to understand","AI voiceover short","3 things to understand before you research CJC-1295/Ipamorelin","Before you go down the CJC-1295/Ipamorelin rabbit hole, three things worth knowing. One: what research stage it's actually at. Two: why context and the rest of a protocol matter. Three: the cautions people skip. This is educational only — not medical advice — and the full safety-forward writeup is on the site.","Before researching CJC-1295/Ipamorelin | 1. The research stage | 2. Context matters | 3. The cautions people skip | Read first → link in bio","Three things to understand before researching CJC-1295/Ipamorelin. Educational only — not medical advice. Full protocol — free at the link in bio.","#peptides #biohacking #longevity #cjc1295ipamorelin #body","Full protocol — free at the link in bio","https://peptideprotocols.us/protocols/optimal-fat-muscle-mito"
"33","Optimal Fat-Burning, Lean Muscle & Mitochondrial Health Protocol","SS-31","Why in protocol","AI voiceover short","Why SS-31 shows up in body composition and mitochondrial health protocols","SS-31 keeps appearing in conversations about body composition and mitochondrial health. Why? It's usually about how compounds are thought to complement each other, not any single one doing the work. We mapped out how the full protocol fits together — and where the evidence is strong versus still emerging.","Why SS-31 is in the protocol | It's about the combination | Not one magic compound | See the full stack → link in bio","Why SS-31 appears in body composition and mitochondrial health research — and how the pieces fit together. Full protocol — free at the link in bio.","#peptides #biohacking #longevity #ss31 #body","Full protocol — free at the link in bio","https://peptideprotocols.us/protocols/optimal-fat-muscle-mito"
"34","Optimal Fat-Burning, Lean Muscle & Mitochondrial Health Protocol","MOTS-C","What is it","AI voiceover short","What actually is MOTS-C?","MOTS-C is one of the compounds people research in the context of body composition and mitochondrial health. It comes up a lot online, but most explanations skip the basics. Here's the short, factual version: what it is, what category it falls into, and why researchers find it interesting — without the hype. The full breakdown, including the cautions, is on the site.","MOTS-C, explained | No hype. Just the basics. | What it is + why it's studied | Full breakdown → link in bio","A plain-English look at MOTS-C — what it is and why it shows up in body composition and mitochondrial health research. Full protocol — free at the link in bio.","#peptides #biohacking #longevity #motsc #body","Full protocol — free at the link in bio","https://peptideprotocols.us/protocols/optimal-fat-muscle-mito"
"35","Optimal Fat-Burning, Lean Muscle & Mitochondrial Health Protocol","5-Amino-1MQ","Myth vs research","AI voiceover short","The biggest myth about 5-Amino-1MQ","There's a popular claim about 5-Amino-1MQ floating around, and it's mostly overstated. Here's what early research actually suggests versus what the internet promises. The honest answer is more nuanced than a 10-second clip — which is exactly why we wrote up the full picture, sources and caveats included.","Myth: 5-Amino-1MQ is a magic bullet | Research: it's more nuanced | Here's the honest version | Full picture → link in bio","Separating hype from what research actually says about 5-Amino-1MQ. Full protocol — free at the link in bio.","#peptides #biohacking #longevity #5amino1mq #body","Full protocol — free at the link in bio","https://peptideprotocols.us/protocols/optimal-fat-muscle-mito"
"36","Optimal Fat-Burning, Lean Muscle & Mitochondrial Health Protocol","SLU-PP-332","How it works","AI voiceover short","How SLU-PP-332 is thought to work","Ever wonder how SLU-PP-332 is believed to act in the body? In simple terms, researchers are exploring its role in pathways tied to body composition and mitochondrial health. We kept this high-level on purpose — the mechanism, the open questions, and what's still unknown are all laid out in the full protocol.","How SLU-PP-332 is thought to work | Simplified mechanism | What's known + what isn't | Details → link in bio","A simplified look at the mechanism researchers are investigating for SLU-PP-332. Full protocol — free at the link in bio.","#peptides #biohacking #longevity #slupp332 #body","Full protocol — free at the link in bio","https://peptideprotocols.us/protocols/optimal-fat-muscle-mito"
"37","Optimal Fat-Burning, Lean Muscle & Mitochondrial Health Protocol","NAD+","Things to understand","AI voiceover short","3 things to understand before you research NAD+","Before you go down the NAD+ rabbit hole, three things worth knowing. One: what research stage it's actually at. Two: why context and the rest of a protocol matter. Three: the cautions people skip. This is educational only — not medical advice — and the full safety-forward writeup is on the site.","Before researching NAD+ | 1. The research stage | 2. Context matters | 3. The cautions people skip | Read first → link in bio","Three things to understand before researching NAD+. Educational only — not medical advice. Full protocol — free at the link in bio.","#peptides #biohacking #longevity #nad #body","Full protocol — free at the link in bio","https://peptideprotocols.us/protocols/optimal-fat-muscle-mito"
"38","Optimal Fat-Burning, Lean Muscle & Mitochondrial Health Protocol","L-Carnitine","Why in protocol","AI voiceover short","Why L-Carnitine shows up in body composition and mitochondrial health protocols","L-Carnitine keeps appearing in conversations about body composition and mitochondrial health. Why? It's usually about how compounds are thought to complement each other, not any single one doing the work. We mapped out how the full protocol fits together — and where the evidence is strong versus still emerging.","Why L-Carnitine is in the protocol | It's about the combination | Not one magic compound | See the full stack → link in bio","Why L-Carnitine appears in body composition and mitochondrial health research — and how the pieces fit together. Full protocol — free at the link in bio.","#peptides #biohacking #longevity #lcarnitine #body","Full protocol — free at the link in bio","https://peptideprotocols.us/protocols/optimal-fat-muscle-mito"
"39","Optimal Fat-Burning, Lean Muscle & Mitochondrial Health Protocol","Creatine","What is it","AI voiceover short","What actually is Creatine?","Creatine is one of the compounds people research in the context of body composition and mitochondrial health. It comes up a lot online, but most explanations skip the basics. Here's the short, factual version: what it is, what category it falls into, and why researchers find it interesting — without the hype. The full breakdown, including the cautions, is on the site.","Creatine, explained | No hype. Just the basics. | What it is + why it's studied | Full breakdown → link in bio","A plain-English look at Creatine — what it is and why it shows up in body composition and mitochondrial health research. Full protocol — free at the link in bio.","#peptides #biohacking #longevity #creatine #body","Full protocol — free at the link in bio","https://peptideprotocols.us/protocols/optimal-fat-muscle-mito"
"40","Maximizing Growth Hormone Release Protocol","CJC-1295 no DAC","Myth vs research","AI voiceover short","The biggest myth about CJC-1295 no DAC","There's a popular claim about CJC-1295 no DAC floating around, and it's mostly overstated. Here's what early research actually suggests versus what the internet promises. The honest answer is more nuanced than a 10-second clip — which is exactly why we wrote up the full picture, sources and caveats included.","Myth: CJC-1295 no DAC is a magic bullet | Research: it's more nuanced | Here's the honest version | Full picture → link in bio","Separating hype from what research actually says about CJC-1295 no DAC. Full protocol — free at the link in bio.","#peptides #biohacking #longevity #cjc1295nodac #natural","Full protocol — free at the link in bio","https://peptideprotocols.us/protocols/growth-hormone-release"
"41","Maximizing Growth Hormone Release Protocol","Ipamorelin","How it works","AI voiceover short","How Ipamorelin is thought to work","Ever wonder how Ipamorelin is believed to act in the body? In simple terms, researchers are exploring its role in pathways tied to natural growth hormone release. We kept this high-level on purpose — the mechanism, the open questions, and what's still unknown are all laid out in the full protocol.","How Ipamorelin is thought to work | Simplified mechanism | What's known + what isn't | Details → link in bio","A simplified look at the mechanism researchers are investigating for Ipamorelin. Full protocol — free at the link in bio.","#peptides #biohacking #longevity #ipamorelin #natural","Full protocol — free at the link in bio","https://peptideprotocols.us/protocols/growth-hormone-release"
"42","Maximizing Growth Hormone Release Protocol","Tesamorelin","Things to understand","AI voiceover short","3 things to understand before you research Tesamorelin","Before you go down the Tesamorelin rabbit hole, three things worth knowing. One: what research stage it's actually at. Two: why context and the rest of a protocol matter. Three: the cautions people skip. This is educational only — not medical advice — and the full safety-forward writeup is on the site.","Before researching Tesamorelin | 1. The research stage | 2. Context matters | 3. The cautions people skip | Read first → link in bio","Three things to understand before researching Tesamorelin. Educational only — not medical advice. Full protocol — free at the link in bio.","#peptides #biohacking #longevity #tesamorelin #natural","Full protocol — free at the link in bio","https://peptideprotocols.us/protocols/growth-hormone-release"
"43","Maximizing Growth Hormone Release Protocol","Glutamine","Why in protocol","AI voiceover short","Why Glutamine shows up in natural growth hormone release protocols","Glutamine keeps appearing in conversations about natural growth hormone release. Why? It's usually about how compounds are thought to complement each other, not any single one doing the work. We mapped out how the full protocol fits together — and where the evidence is strong versus still emerging.","Why Glutamine is in the protocol | It's about the combination | Not one magic compound | See the full stack → link in bio","Why Glutamine appears in natural growth hormone release research — and how the pieces fit together. Full protocol — free at the link in bio.","#peptides #biohacking #longevity #glutamine #natural","Full protocol — free at the link in bio","https://peptideprotocols.us/protocols/growth-hormone-release"
"44","Maximizing Growth Hormone Release Protocol","Zinc","What is it","AI voiceover short","What actually is Zinc?","Zinc is one of the compounds people research in the context of natural growth hormone release. It comes up a lot online, but most explanations skip the basics. Here's the short, factual version: what it is, what category it falls into, and why researchers find it interesting — without the hype. The full breakdown, including the cautions, is on the site.","Zinc, explained | No hype. Just the basics. | What it is + why it's studied | Full breakdown → link in bio","A plain-English look at Zinc — what it is and why it shows up in natural growth hormone release research. Full protocol — free at the link in bio.","#peptides #biohacking #longevity #zinc #natural","Full protocol — free at the link in bio","https://peptideprotocols.us/protocols/growth-hormone-release"
"45","Maximizing Growth Hormone Release Protocol","Arginine","Myth vs research","AI voiceover short","The biggest myth about Arginine","There's a popular claim about Arginine floating around, and it's mostly overstated. Here's what early research actually suggests versus what the internet promises. The honest answer is more nuanced than a 10-second clip — which is exactly why we wrote up the full picture, sources and caveats included.","Myth: Arginine is a magic bullet | Research: it's more nuanced | Here's the honest version | Full picture → link in bio","Separating hype from what research actually says about Arginine. Full protocol — free at the link in bio.","#peptides #biohacking #longevity #arginine #natural","Full protocol — free at the link in bio","https://peptideprotocols.us/protocols/growth-hormone-release"
"46","Cellular Repair Protocol","SS-31","How it works","AI voiceover short","How SS-31 is thought to work","Ever wonder how SS-31 is believed to act in the body? In simple terms, researchers are exploring its role in pathways tied to cellular repair and longevity. We kept this high-level on purpose — the mechanism, the open questions, and what's still unknown are all laid out in the full protocol.","How SS-31 is thought to work | Simplified mechanism | What's known + what isn't | Details → link in bio","A simplified look at the mechanism researchers are investigating for SS-31. Full protocol — free at the link in bio.","#peptides #biohacking #longevity #ss31 #cellular","Full protocol — free at the link in bio","https://peptideprotocols.us/protocols/cellular-repair"
"47","Cellular Repair Protocol","Pinealon","Things to understand","AI voiceover short","3 things to understand before you research Pinealon","Before you go down the Pinealon rabbit hole, three things worth knowing. One: what research stage it's actually at. Two: why context and the rest of a protocol matter. Three: the cautions people skip. This is educational only — not medical advice — and the full safety-forward writeup is on the site.","Before researching Pinealon | 1. The research stage | 2. Context matters | 3. The cautions people skip | Read first → link in bio","Three things to understand before researching Pinealon. Educational only — not medical advice. Full protocol — free at the link in bio.","#peptides #biohacking #longevity #pinealon #cellular","Full protocol — free at the link in bio","https://peptideprotocols.us/protocols/cellular-repair"
"48","Cellular Repair Protocol","Epithalon","Why in protocol","AI voiceover short","Why Epithalon shows up in cellular repair and longevity protocols","Epithalon keeps appearing in conversations about cellular repair and longevity. Why? It's usually about how compounds are thought to complement each other, not any single one doing the work. We mapped out how the full protocol fits together — and where the evidence is strong versus still emerging.","Why Epithalon is in the protocol | It's about the combination | Not one magic compound | See the full stack → link in bio","Why Epithalon appears in cellular repair and longevity research — and how the pieces fit together. Full protocol — free at the link in bio.","#peptides #biohacking #longevity #epithalon #cellular","Full protocol — free at the link in bio","https://peptideprotocols.us/protocols/cellular-repair"
"49","Cellular Repair Protocol","NAD+","What is it","AI voiceover short","What actually is NAD+?","NAD+ is one of the compounds people research in the context of cellular repair and longevity. It comes up a lot online, but most explanations skip the basics. Here's the short, factual version: what it is, what category it falls into, and why researchers find it interesting — without the hype. The full breakdown, including the cautions, is on the site.","NAD+, explained | No hype. Just the basics. | What it is + why it's studied | Full breakdown → link in bio","A plain-English look at NAD+ — what it is and why it shows up in cellular repair and longevity research. Full protocol — free at the link in bio.","#peptides #biohacking #longevity #nad #cellular","Full protocol — free at the link in bio","https://peptideprotocols.us/protocols/cellular-repair"
"50","Cellular Repair Protocol","FOXO4-DRI","Myth vs research","AI voiceover short","The biggest myth about FOXO4-DRI","There's a popular claim about FOXO4-DRI floating around, and it's mostly overstated. Here's what early research actually suggests versus what the internet promises. The honest answer is more nuanced than a 10-second clip — which is exactly why we wrote up the full picture, sources and caveats included.","Myth: FOXO4-DRI is a magic bullet | Research: it's more nuanced | Here's the honest version | Full picture → link in bio","Separating hype from what research actually says about FOXO4-DRI. Full protocol — free at the link in bio.","#peptides #biohacking #longevity #foxo4dri #cellular","Full protocol — free at the link in bio","https://peptideprotocols.us/protocols/cellular-repair"
"51","Gut Health & Anti-Inflammation Protocol","gut health and inflammation","Protocol overview","Carousel or AI voiceover short","The Gut Health & Anti-Inflammation protocol, in 30 seconds","People ask what a gut health and inflammation protocol actually involves. At a high level it combines several researched compounds, each playing a different role. We broke down the whole thing — what's in it, the reasoning, and the cautions — in one free writeup. No signup wall beyond confirming you're 18+.","gut health and inflammation protocol | What's actually in it | The reasoning + the cautions | Free breakdown → link in bio","A high-level look at what a gut health and inflammation protocol involves. Full breakdown free on the site.","#peptides #biohacking #longevity #gut #gut","Full protocol — free at the link in bio","https://peptideprotocols.us/protocols/gut-health-anti-inflammation"
"52","Gut Health & Anti-Inflammation Protocol","gut health and inflammation","Safety questions","Carousel or AI voiceover short","Questions to ask before any gut health and inflammation protocol","Before considering anything related to gut health and inflammation, there are smart questions to ask first. What's the evidence quality? What are the unknowns? Who shouldn't consider it? We put together a safety-forward guide so you can research like a skeptic. Educational only — not medical advice.","Ask these first | What's the evidence? | What are the unknowns? | Research like a skeptic → link in bio","Smart, safety-forward questions to ask before researching gut health and inflammation. Not medical advice.","#peptides #biohacking #longevity #gut #gut","Full protocol — free at the link in bio","https://peptideprotocols.us/protocols/gut-health-anti-inflammation"
"53","Optimal Fat-Burning, Lean Muscle & Mitochondrial Health Protocol","body composition and mitochondrial health","Protocol overview","Carousel or AI voiceover short","The Optimal Fat-Burning, Lean Muscle & Mitochondrial Health protocol, in 30 seconds","People ask what a body composition and mitochondrial health protocol actually involves. At a high level it combines several researched compounds, each playing a different role. We broke down the whole thing — what's in it, the reasoning, and the cautions — in one free writeup. No signup wall beyond confirming you're 18+.","body composition and mitochondrial health protocol | What's actually in it | The reasoning + the cautions | Free breakdown → link in bio","A high-level look at what a body composition and mitochondrial health protocol involves. Full breakdown free on the site.","#peptides #biohacking #longevity #body #body","Full protocol — free at the link in bio","https://peptideprotocols.us/protocols/optimal-fat-muscle-mito"
"54","Optimal Fat-Burning, Lean Muscle & Mitochondrial Health Protocol","body composition and mitochondrial health","Safety questions","Carousel or AI voiceover short","Questions to ask before any body composition and mitochondrial health protocol","Before considering anything related to body composition and mitochondrial health, there are smart questions to ask first. What's the evidence quality? What are the unknowns? Who shouldn't consider it? We put together a safety-forward guide so you can research like a skeptic. Educational only — not medical advice.","Ask these first | What's the evidence? | What are the unknowns? | Research like a skeptic → link in bio","Smart, safety-forward questions to ask before researching body composition and mitochondrial health. Not medical advice.","#peptides #biohacking #longevity #body #body","Full protocol — free at the link in bio","https://peptideprotocols.us/protocols/optimal-fat-muscle-mito"
"55","Maximizing Growth Hormone Release Protocol","natural growth hormone release","Protocol overview","Carousel or AI voiceover short","The Maximizing Growth Hormone Release protocol, in 30 seconds","People ask what a natural growth hormone release protocol actually involves. At a high level it combines several researched compounds, each playing a different role. We broke down the whole thing — what's in it, the reasoning, and the cautions — in one free writeup. No signup wall beyond confirming you're 18+.","natural growth hormone release protocol | What's actually in it | The reasoning + the cautions | Free breakdown → link in bio","A high-level look at what a natural growth hormone release protocol involves. Full breakdown free on the site.","#peptides #biohacking #longevity #natural #natural","Full protocol — free at the link in bio","https://peptideprotocols.us/protocols/growth-hormone-release"
"56","Maximizing Growth Hormone Release Protocol","natural growth hormone release","Safety questions","Carousel or AI voiceover short","Questions to ask before any natural growth hormone release protocol","Before considering anything related to natural growth hormone release, there are smart questions to ask first. What's the evidence quality? What are the unknowns? Who shouldn't consider it? We put together a safety-forward guide so you can research like a skeptic. Educational only — not medical advice.","Ask these first | What's the evidence? | What are the unknowns? | Research like a skeptic → link in bio","Smart, safety-forward questions to ask before researching natural growth hormone release. Not medical advice.","#peptides #biohacking #longevity #natural #natural","Full protocol — free at the link in bio","https://peptideprotocols.us/protocols/growth-hormone-release"
"57","Cellular Repair Protocol","cellular repair and longevity","Protocol overview","Carousel or AI voiceover short","The Cellular Repair protocol, in 30 seconds","People ask what a cellular repair and longevity protocol actually involves. At a high level it combines several researched compounds, each playing a different role. We broke down the whole thing — what's in it, the reasoning, and the cautions — in one free writeup. No signup wall beyond confirming you're 18+.","cellular repair and longevity protocol | What's actually in it | The reasoning + the cautions | Free breakdown → link in bio","A high-level look at what a cellular repair and longevity protocol involves. Full breakdown free on the site.","#peptides #biohacking #longevity #cellular #cellular","Full protocol — free at the link in bio","https://peptideprotocols.us/protocols/cellular-repair"
"58","Cellular Repair Protocol","cellular repair and longevity","Safety questions","Carousel or AI voiceover short","Questions to ask before any cellular repair and longevity protocol","Before considering anything related to cellular repair and longevity, there are smart questions to ask first. What's the evidence quality? What are the unknowns? Who shouldn't consider it? We put together a safety-forward guide so you can research like a skeptic. Educational only — not medical advice.","Ask these first | What's the evidence? | What are the unknowns? | Research like a skeptic → link in bio","Smart, safety-forward questions to ask before researching cellular repair and longevity. Not medical advice.","#peptides #biohacking #longevity #cellular #cellular","Full protocol — free at the link in bio","https://peptideprotocols.us/protocols/cellular-repair"
